{
  "name": "DocumentProcessor",
  "description": "Estrae e processa testo da documenti PDF.",
  "category": "PDF Monitor",
  "icon": "file-text",
  "version": "1.0.0",
  "author": "PramaIA Team",
  "inputs": [
    {
      "name": "file_path",
      "type": "string",
      "description": "Percorso del file PDF da elaborare",
      "required": false
    },
    {
      "name": "file_content",
      "type": "binary",
      "description": "Contenuto del file PDF (alternativo a file_path)",
      "required": false
    },
    {
      "name": "chunking_strategy",
      "type": "string",
      "description": "Strategia di suddivisione del testo",
      "required": false,
      "options": ["paragraph", "sentence", "fixed_size"],
      "default": "paragraph"
    },
    {
      "name": "chunk_size",
      "type": "number",
      "description": "Dimensione massima dei chunk (in caratteri)",
      "required": false,
      "default": 1000
    },
    {
      "name": "chunk_overlap",
      "type": "number",
      "description": "Sovrapposizione tra chunk (in caratteri)",
      "required": false,
      "default": 200
    },
    {
      "name": "metadata",
      "type": "object",
      "description": "Metadati del documento",
      "required": false
    }
  ],
  "outputs": [
    {
      "name": "status",
      "type": "string",
      "description": "Stato dell'operazione (success, error)"
    },
    {
      "name": "document_text",
      "type": "string",
      "description": "Testo completo estratto dal documento",
      "required": false
    },
    {
      "name": "chunks",
      "type": "array",
      "description": "Lista di chunk di testo",
      "required": false
    },
    {
      "name": "total_chunks",
      "type": "number",
      "description": "Numero totale di chunk generati",
      "required": false
    },
    {
      "name": "metadata",
      "type": "object",
      "description": "Metadati arricchiti del documento",
      "required": false
    },
    {
      "name": "error",
      "type": "string",
      "description": "Messaggio di errore (solo in caso di errore)",
      "required": false
    },
    {
      "name": "error_type",
      "type": "string",
      "description": "Tipo di errore (solo in caso di errore)",
      "required": false
    }
  ]
}
