{
  "name": "EventLogger",
  "description": "Registra eventi e attività del sistema di monitoraggio PDF nel database eventi.",
  "category": "PDF Monitor",
  "icon": "history",
  "version": "1.0.0",
  "author": "PramaIA Team",
  "inputs": [
    {
      "name": "event_type",
      "type": "string",
      "description": "Tipo di evento da registrare",
      "required": true,
      "options": ["file_processed", "file_detected", "metadata_updated", "error", "workflow_executed", "custom"]
    },
    {
      "name": "file_name",
      "type": "string",
      "description": "Nome del file coinvolto nell'evento",
      "required": true
    },
    {
      "name": "status",
      "type": "string",
      "description": "Stato dell'evento",
      "required": true,
      "options": ["success", "error", "warning", "info"]
    },
    {
      "name": "document_id",
      "type": "string",
      "description": "Identificativo del documento",
      "required": false
    },
    {
      "name": "metadata",
      "type": "object",
      "description": "Metadati associati all'evento",
      "required": false
    },
    {
      "name": "event_data",
      "type": "object",
      "description": "Dati aggiuntivi dell'evento",
      "required": false
    },
    {
      "name": "event_source",
      "type": "string",
      "description": "Sorgente dell'evento",
      "required": false,
      "default": "pdk_workflow"
    },
    {
      "name": "user_id",
      "type": "string",
      "description": "ID dell'utente che ha generato l'evento",
      "required": false
    },
    {
      "name": "db_path",
      "type": "string",
      "description": "Percorso del database degli eventi",
      "required": false
    }
  ],
  "outputs": [
    {
      "name": "success",
      "type": "boolean",
      "description": "Indica se l'evento è stato registrato con successo"
    },
    {
      "name": "event_id",
      "type": "string",
      "description": "Identificativo univoco dell'evento registrato"
    },
    {
      "name": "timestamp",
      "type": "string",
      "description": "Timestamp di registrazione dell'evento"
    },
    {
      "name": "error",
      "type": "string",
      "description": "Messaggio di errore in caso di fallimento",
      "required": false
    }
  ]
}
