{
  "name": "FileParsing",
  "description": "Esegue il parsing di file PDF e ne estrae testo, metadati e altre informazioni.",
  "category": "PDF Monitor",
  "icon": "file-text",
  "version": "1.0.0",
  "author": "PramaIA Team",
  "inputs": [
    {
      "name": "file_path",
      "type": "string",
      "description": "Percorso del file PDF da elaborare",
      "required": true
    },
    {
      "name": "extract_text",
      "type": "boolean",
      "description": "Indica se estrarre il testo dal documento",
      "required": false,
      "default": true
    },
    {
      "name": "extract_metadata",
      "type": "boolean",
      "description": "Indica se estrarre i metadati dal documento",
      "required": false,
      "default": true
    },
    {
      "name": "extract_images",
      "type": "boolean",
      "description": "Indica se estrarre le immagini dal documento",
      "required": false,
      "default": false
    },
    {
      "name": "extract_tables",
      "type": "boolean",
      "description": "Indica se estrarre le tabelle dal documento",
      "required": false,
      "default": false
    },
    {
      "name": "page_range",
      "type": "string",
      "description": "Intervallo di pagine da elaborare (es. '1-5' o 'all')",
      "required": false,
      "default": "all"
    },
    {
      "name": "output_format",
      "type": "string",
      "description": "Formato di output per il testo estratto",
      "required": false,
      "options": ["text", "markdown", "html", "json"],
      "default": "text"
    },
    {
      "name": "include_page_numbers",
      "type": "boolean",
      "description": "Indica se includere i numeri di pagina nell'output",
      "required": false,
      "default": true
    },
    {
      "name": "ocr_enabled",
      "type": "boolean",
      "description": "Abilita il riconoscimento ottico dei caratteri (OCR) per le immagini",
      "required": false,
      "default": false
    },
    {
      "name": "ocr_language",
      "type": "string",
      "description": "Lingua per l'OCR",
      "required": false,
      "default": "ita"
    }
  ],
  "outputs": [
    {
      "name": "success",
      "type": "boolean",
      "description": "Indica se l'elaborazione è stata completata con successo"
    },
    {
      "name": "file_name",
      "type": "string",
      "description": "Nome del file elaborato"
    },
    {
      "name": "text_content",
      "type": "string",
      "description": "Testo estratto dal documento",
      "required": false
    },
    {
      "name": "metadata",
      "type": "object",
      "description": "Metadati estratti dal documento",
      "required": false
    },
    {
      "name": "page_count",
      "type": "number",
      "description": "Numero totale di pagine nel documento"
    },
    {
      "name": "images",
      "type": "array",
      "description": "Immagini estratte dal documento",
      "required": false
    },
    {
      "name": "tables",
      "type": "array",
      "description": "Tabelle estratte dal documento",
      "required": false
    },
    {
      "name": "error",
      "type": "string",
      "description": "Messaggio di errore in caso di fallimento",
      "required": false
    },
    {
      "name": "processing_time",
      "type": "number",
      "description": "Tempo di elaborazione in secondi"
    }
  ]
}
