{
  "name": "MetadataManager",
  "description": "Gestisce operazioni sui metadati dei documenti PDF.",
  "category": "PDF Monitor",
  "icon": "tag",
  "version": "1.0.0",
  "author": "PramaIA Team",
  "inputs": [
    {
      "name": "operation",
      "type": "string",
      "description": "Tipo di operazione sui metadati",
      "required": false,
      "options": ["update", "merge", "extract"],
      "default": "update"
    },
    {
      "name": "current_metadata",
      "type": "object",
      "description": "Metadati attuali del documento",
      "required": false,
      "default": {}
    },
    {
      "name": "new_metadata",
      "type": "object",
      "description": "Nuovi metadati da applicare",
      "required": false,
      "default": {}
    },
    {
      "name": "content",
      "type": "string",
      "description": "Contenuto del documento (per operazione extract)",
      "required": false
    },
    {
      "name": "validation_schema",
      "type": "object",
      "description": "Schema JSON per la validazione dei metadati",
      "required": false
    }
  ],
  "outputs": [
    {
      "name": "status",
      "type": "string",
      "description": "Stato dell'operazione (success, error, validation_error)"
    },
    {
      "name": "metadata",
      "type": "object",
      "description": "Metadati risultanti dall'operazione",
      "required": false
    },
    {
      "name": "is_valid",
      "type": "boolean",
      "description": "Risultato della validazione dei metadati",
      "required": false
    },
    {
      "name": "validation_errors",
      "type": "array",
      "description": "Eventuali errori di validazione",
      "required": false
    },
    {
      "name": "operation",
      "type": "string",
      "description": "Tipo di operazione eseguita"
    },
    {
      "name": "error",
      "type": "string",
      "description": "Messaggio di errore (solo in caso di errore)",
      "required": false
    },
    {
      "name": "error_type",
      "type": "string",
      "description": "Tipo di errore (solo in caso di errore)",
      "required": false
    }
  ]
}
