{
  "name": "pdf-monitor-plugin",
  "version": "1.0.0",
  "description": "Plugin per il monitoraggio e la gestione dei documenti PDF",
  "author": "PramaIA Team",
  "license": "MIT",
  "pdk_version": "^1.0.0",
  "engine_compatibility": "^1.0.0",
  "nodes": [
    {
      "id": "metadata_manager",
      "name": "MetadataManager",
      "type": "processing",
      "category": "PDF Monitor",
      "description": "Gestisce i metadati dei documenti con funzionalità di aggiornamento, unione, validazione ed estrazione",
      "icon": "tag",
      "color": "#4CAF50",
      "file": "metadata_manager.json",
      "entry": "metadata_manager.py"
    },
    {
      "id": "event_logger",
      "name": "EventLogger",
      "type": "processing",
      "category": "PDF Monitor",
      "description": "Registra eventi e attività del sistema di monitoraggio PDF nel database eventi",
      "icon": "history",
      "color": "#2196F3",
      "file": "event_logger.json",
      "entry": "event_logger.py"
    },
    {
      "id": "file_parsing",
      "name": "FileParsing",
      "type": "processing",
      "category": "PDF Monitor",
      "description": "Esegue il parsing di file PDF e ne estrae testo, metadati e altre informazioni",
      "icon": "file-text",
      "color": "#FF9800",
      "file": "file_parsing.json",
      "entry": "file_parsing.py"
    },
    {
      "id": "document_processor",
      "name": "DocumentProcessor",
      "type": "processing",
      "category": "PDF Monitor",
      "description": "Estrae e processa testo da documenti PDF",
      "icon": "file-text",
      "color": "#673AB7",
      "file": "document_processor.json",
      "entry": "document_processor.py"
    },
    {
      "id": "vector_store_operations",
      "name": "VectorStoreOperations",
      "type": "processing",
      "category": "PDF Monitor",
      "description": "Esegue operazioni CRUD sul vectorstore (add, get, update, delete, query)",
      "icon": "database",
      "color": "#E91E63",
      "file": "vector_store_operations.json",
      "entry": "vector_store_operations.py"
    }
  ]
}
