{
  "name": "VectorStoreOperations",
  "description": "Esegue operazioni CRUD sul vectorstore (add, get, update, delete, query).",
  "category": "PDF Monitor",
  "icon": "database",
  "version": "1.0.0",
  "author": "PramaIA Team",
  "inputs": [
    {
      "name": "operation_type",
      "type": "string",
      "description": "Tipo di operazione (add, get, update, delete, query)",
      "required": true,
      "options": ["add", "get", "update", "delete", "query"]
    },
    {
      "name": "document_id",
      "type": "string",
      "description": "ID del documento (richiesto per get, update, delete)",
      "required": false
    },
    {
      "name": "document_content",
      "type": "string",
      "description": "Contenuto del documento (richiesto per add, update)",
      "required": false
    },
    {
      "name": "document_metadata",
      "type": "object",
      "description": "Metadati del documento (per add, update)",
      "required": false
    },
    {
      "name": "query_text",
      "type": "string",
      "description": "Testo della query (richiesto per query)",
      "required": false
    },
    {
      "name": "namespace",
      "type": "string",
      "description": "Namespace del vectorstore",
      "required": false,
      "default": "default"
    },
    {
      "name": "collection_name",
      "type": "string",
      "description": "Nome della collezione",
      "required": false,
      "default": "default"
    },
    {
      "name": "top_k",
      "type": "number",
      "description": "Numero massimo di risultati per query",
      "required": false,
      "default": 5
    }
  ],
  "outputs": [
    {
      "name": "status",
      "type": "string",
      "description": "Stato dell'operazione (success, error, not_found)"
    },
    {
      "name": "document_id",
      "type": "string",
      "description": "ID del documento elaborato",
      "required": false
    },
    {
      "name": "document_content",
      "type": "string",
      "description": "Contenuto del documento (solo per get)",
      "required": false
    },
    {
      "name": "document_metadata",
      "type": "object",
      "description": "Metadati del documento (solo per get)",
      "required": false
    },
    {
      "name": "documents",
      "type": "array",
      "description": "Lista di documenti risultanti (solo per query)",
      "required": false
    },
    {
      "name": "total_results",
      "type": "number",
      "description": "Numero totale di risultati (solo per query)",
      "required": false
    },
    {
      "name": "operation",
      "type": "string",
      "description": "Tipo di operazione eseguita"
    },
    {
      "name": "error",
      "type": "string",
      "description": "Messaggio di errore (solo in caso di errore)",
      "required": false
    },
    {
      "name": "error_type",
      "type": "string",
      "description": "Tipo di errore (solo in caso di errore)",
      "required": false
    }
  ]
}
